{
  "self_discipline": 0.791,
  "social_dominance": 0.676,
  "activity_level": 0.385,
  "assertiveness": 0.578,
  "emotional_volatility": 0.27499999999999997,
  "hot_cold_oscillation": 0.8160000000000001,
  "actions": 0.19,
  "vulnerability": 0.42400000000000004,
  "greed_avoidance": 0.38,
  "verbosity": 0.34600000000000003,
  "loyalty_group": 0.7549999999999999,
  "fairness_justice": 0.8440000000000001,
  "humor_aggressive": 0.431,
  "order": 0.8049999999999999,
  "empathy_cognitive": 0.489,
  "cognitive_flexibility": 0.45,
  "conflict_cooperativeness": 0.39399999999999996,
  "care_harm": 0.6900000000000001,
  "self_consciousness": 0.616,
  "machiavellianism": 0.283,
  "humor_self_defeating": 0.115,
  "empathy_affective": 0.581,
  "information_control": 0.704,
  "humor_affiliative": 0.182,
  "depression": 0.43100000000000005,
  "deliberation": 0.7929999999999999,
  "locus_of_control": 0.746,
  "modesty": 0.365,
  "intuitive_vs_analytical": 0.725,
  "impulsiveness": 0.19700000000000004,
  "emotional_regulation": 0.73,
  "fairness": 0.8049999999999999,
  "tender_mindedness": 0.588,
  "angry_hostility": 0.518,
  "authority_respect": 0.7859999999999999,
  "straightforwardness": 0.776,
  "mirroring_ability": 0.105,
  "curiosity": 0.568,
  "gregariousness": 0.12,
  "warmth": 0.22,
  "trust": 0.345,
  "feelings": 0.41000000000000003,
  "attachment_avoidance": 0.782,
  "charm_influence": 0.216,
  "decisiveness": 0.8460000000000001,
  "ideas": 0.692,
  "achievement_striving": 0.694,
  "values_openness": 0.218,
  "sincerity": 0.8280000000000001,
  "excitement_seeking": 0.14,
  "altruism": 0.6799999999999999,
  "sadism": 0.21000000000000008,
  "dutifulness": 0.8379999999999999,
  "humility_hexaco": 0.21600000000000003,
  "competence": 0.7186,
  "need_for_cognition": 0.706,
  "attachment_anxiety": 0.40800000000000003,
  "anxiety": 0.439,
  "psychopathy": 0.22999999999999998,
  "fantasy": 0.5619999999999999,
  "self_mythologizing": 0.645,
  "compliance": 0.28900000000000003,
  "conflict_assertiveness": 0.74,
  "politeness": 0.581,
  "narcissism": 0.615,
  "aesthetics": 0.675,
  "positive_emotions": 0.26,
  "humor_self_enhancing": 0.201,
  "optimism": 0.42500000000000004
}