{
  "fantasy": 0.58,
  "aesthetics": 0.75,
  "feelings": 0.65,
  "actions": 0.25,
  "ideas": 0.5299999999999999,
  "values_openness": 0.020000000000000018,
  "curiosity": 0.37,
  "competence": 0.484,
  "order": 0.7,
  "dutifulness": 0.67,
  "achievement_striving": 0.535,
  "self_discipline": 0.5900000000000001,
  "deliberation": 0.595,
  "decisiveness": 0.915,
  "warmth": 0.25,
  "gregariousness": 0.15,
  "assertiveness": 0.62,
  "activity_level": 0.32499999999999996,
  "excitement_seeking": 0.2,
  "positive_emotions": 0.275,
  "verbosity": 0.49,
  "trust": 0.3,
  "straightforwardness": 0.665,
  "altruism": 0.5,
  "compliance": 0.385,
  "modesty": 0.575,
  "tender_mindedness": 0.42,
  "politeness": 0.43999999999999995,
  "anxiety": 0.31,
  "angry_hostility": 0.77,
  "depression": 0.5900000000000001,
  "self_consciousness": 0.33999999999999997,
  "impulsiveness": 0.38,
  "vulnerability": 0.46,
  "sincerity": 0.72,
  "fairness": 0.7,
  "greed_avoidance": 0.65,
  "humility_hexaco": 0.24,
  "narcissism": 0.75,
  "machiavellianism": 0.37,
  "psychopathy": 0.425,
  "sadism": 0.45000000000000007,
  "emotional_regulation": 0.55,
  "empathy_cognitive": 0.20999999999999996,
  "empathy_affective": 0.44000000000000006,
  "emotional_volatility": 0.35,
  "optimism": 0.35,
  "attachment_anxiety": 0.195,
  "attachment_avoidance": 0.7174999999999999,
  "social_dominance": 0.79,
  "conflict_assertiveness": 0.8,
  "conflict_cooperativeness": 0.15999999999999998,
  "charm_influence": 0.09,
  "information_control": 0.485,
  "mirroring_ability": 0.0,
  "hot_cold_oscillation": 0.99,
  "self_mythologizing": 0.8999999999999999,
  "need_for_cognition": 0.49,
  "cognitive_flexibility": 0.225,
  "locus_of_control": 0.5900000000000001,
  "intuitive_vs_analytical": 0.65,
  "care_harm": 0.45,
  "fairness_justice": 0.76,
  "loyalty_group": 0.49999999999999994,
  "authority_respect": 0.69,
  "humor_affiliative": 0.2675,
  "humor_self_enhancing": 0.09000000000000001,
  "humor_aggressive": 0.74,
  "humor_self_defeating": 0.1
}