{
  "fantasy": 0.43000000000000005,
  "aesthetics": 0.7,
  "feelings": 0.62,
  "actions": 0.25,
  "ideas": 0.5,
  "values_openness": 0.155,
  "competence": 0.45999999999999996,
  "order": 0.65,
  "dutifulness": 0.62,
  "achievement_striving": 0.5125000000000001,
  "self_discipline": 0.5675,
  "deliberation": 0.57,
  "warmth": 0.23,
  "gregariousness": 0.15,
  "assertiveness": 0.62,
  "activity_level": 0.32499999999999996,
  "excitement_seeking": 0.2,
  "positive_emotions": 0.275,
  "trust": 0.3,
  "straightforwardness": 0.665,
  "altruism": 0.65,
  "compliance": 0.36,
  "modesty": 0.575,
  "tender_mindedness": 0.45999999999999996,
  "anxiety": 0.31,
  "angry_hostility": 0.77,
  "depression": 0.5900000000000001,
  "self_consciousness": 0.48,
  "impulsiveness": 0.38,
  "vulnerability": 0.44000000000000006,
  "sincerity": 0.72,
  "fairness": 0.65,
  "greed_avoidance": 0.7,
  "humility_hexaco": 0.24,
  "narcissism": 0.75,
  "machiavellianism": 0.37,
  "psychopathy": 0.6499999999999999,
  "sadism": 0.56,
  "emotional_regulation": 0.55,
  "empathy_cognitive": 0.31,
  "empathy_affective": 0.34,
  "emotional_volatility": 0.15,
  "attachment_anxiety": 0.195,
  "attachment_avoidance": 0.7174999999999999,
  "social_dominance": 0.84,
  "conflict_assertiveness": 0.75,
  "conflict_cooperativeness": 0.10999999999999999,
  "charm_influence": 0.09,
  "information_control": 0.41000000000000003,
  "mirroring_ability": 0.0,
  "need_for_cognition": 0.505,
  "cognitive_flexibility": 0.275,
  "locus_of_control": 0.6000000000000001,
  "intuitive_vs_analytical": 0.65,
  "care_harm": 0.45,
  "fairness_justice": 0.7100000000000001,
  "loyalty_group": 0.49999999999999994,
  "authority_respect": 0.69,
  "humor_affiliative": 0.2675,
  "humor_self_enhancing": 0.09000000000000001,
  "humor_aggressive": 0.7150000000000001,
  "humor_self_defeating": 0.1,
  "verbosity": 0.178,
  "politeness": 0.185,
  "decisiveness": 0.543,
  "curiosity": 0.386,
  "hot_cold_oscillation": 0.291,
  "self_mythologizing": 0.456,
  "optimism": 0.598
}