{
  "fantasy": 0.03,
  "aesthetics": 0.2,
  "feelings": 0.35,
  "actions": 0.6,
  "ideas": 0.22999999999999998,
  "values_openness": 0.065,
  "competence": 0.244,
  "order": 0.65,
  "dutifulness": 0.62,
  "achievement_striving": 0.49,
  "self_discipline": 0.5225000000000001,
  "deliberation": 0.545,
  "warmth": 0.39,
  "gregariousness": 0.55,
  "assertiveness": 0.445,
  "activity_level": 0.44999999999999996,
  "excitement_seeking": 0.4,
  "positive_emotions": 0.325,
  "trust": 0.7,
  "straightforwardness": 0.565,
  "altruism": 0.45,
  "compliance": 0.685,
  "modesty": 0.5,
  "tender_mindedness": 0.34,
  "anxiety": 0.53,
  "angry_hostility": 0.22,
  "depression": 0.99,
  "self_consciousness": 0.5,
  "impulsiveness": 0.405,
  "vulnerability": 0.6400000000000001,
  "sincerity": 0.6599999999999999,
  "fairness": 0.5,
  "greed_avoidance": 0.65,
  "humility_hexaco": 0.5549999999999999,
  "narcissism": 0.71,
  "machiavellianism": 0.43000000000000005,
  "psychopathy": 0.6,
  "sadism": 0.47750000000000004,
  "emotional_regulation": 0.7,
  "empathy_cognitive": 0.20999999999999996,
  "empathy_affective": 0.38,
  "emotional_volatility": 0.25,
  "attachment_anxiety": 0.495,
  "attachment_avoidance": 0.59,
  "social_dominance": 0.24,
  "conflict_assertiveness": 0.15,
  "conflict_cooperativeness": 0.6100000000000001,
  "charm_influence": 0.18999999999999997,
  "information_control": 0.4475,
  "mirroring_ability": 0.0,
  "need_for_cognition": 0.255,
  "cognitive_flexibility": 0.325,
  "locus_of_control": 0.5,
  "intuitive_vs_analytical": 0.24999999999999997,
  "care_harm": 0.55,
  "fairness_justice": 0.6045,
  "loyalty_group": 0.49999999999999994,
  "authority_respect": 0.75,
  "humor_affiliative": 0.2675,
  "humor_self_enhancing": 0.09000000000000001,
  "humor_aggressive": 0.36500000000000005,
  "humor_self_defeating": 0.1,
  "verbosity": 0.12,
  "politeness": 0.645,
  "decisiveness": 0.553,
  "curiosity": 0.375,
  "hot_cold_oscillation": 0.221,
  "self_mythologizing": 0.53,
  "optimism": 0.72
}