{
  "decisiveness": 0.8470000000000001,
  "altruism": 0.20500000000000002,
  "cognitive_flexibility": 0.375,
  "dutifulness": 0.298,
  "deliberation": 0.238,
  "assertiveness": 0.8479999999999999,
  "trust": 0.25,
  "feelings": 0.62,
  "fairness": 0.33499999999999996,
  "self_mythologizing": 0.905,
  "curiosity": 0.387,
  "actions": 0.59,
  "warmth": 0.355,
  "conflict_cooperativeness": 0.09,
  "activity_level": 0.72,
  "self_discipline": 0.5720000000000001,
  "locus_of_control": 0.7150000000000001,
  "politeness": 0.18,
  "fairness_justice": 0.354,
  "loyalty_group": 0.625,
  "achievement_striving": 0.751,
  "angry_hostility": 0.818,
  "humor_self_enhancing": 0.391,
  "empathy_cognitive": 0.399,
  "humor_self_defeating": 0.185,
  "attachment_avoidance": 0.46199999999999997,
  "information_control": 0.674,
  "anxiety": 0.595,
  "modesty": 0.18000000000000005,
  "humor_aggressive": 0.746,
  "straightforwardness": 0.39599999999999996,
  "emotional_regulation": 0.335,
  "competence": 0.6994,
  "vulnerability": 0.548,
  "need_for_cognition": 0.272,
  "greed_avoidance": 0.16999999999999998,
  "gregariousness": 0.71,
  "values_openness": 0.314,
  "ideas": 0.26,
  "positive_emotions": 0.48,
  "care_harm": 0.34500000000000003,
  "order": 0.33999999999999997,
  "emotional_volatility": 0.865,
  "authority_respect": 0.29100000000000004,
  "charm_influence": 0.546,
  "humility_hexaco": 0.184,
  "sadism": 0.42100000000000004,
  "depression": 0.506,
  "empathy_affective": 0.263,
  "intuitive_vs_analytical": 0.505,
  "self_consciousness": 0.40499999999999997,
  "attachment_anxiety": 0.558,
  "narcissism": 0.8600000000000001,
  "excitement_seeking": 0.7,
  "optimism": 0.58,
  "verbosity": 0.44999999999999996,
  "impulsiveness": 0.752,
  "psychopathy": 0.49999999999999994,
  "hot_cold_oscillation": 0.7210000000000001,
  "sincerity": 0.43000000000000005,
  "tender_mindedness": 0.271,
  "compliance": 0.194,
  "fantasy": 0.5419999999999999,
  "aesthetics": 0.71,
  "machiavellianism": 0.6659999999999999,
  "conflict_assertiveness": 0.9299999999999999,
  "social_dominance": 0.865,
  "mirroring_ability": 0.46499999999999997,
  "humor_affiliative": 0.38
}