{
  "fantasy": 0.0,
  "aesthetics": 0.35,
  "feelings": 0.62,
  "actions": 0.25,
  "ideas": 0.16999999999999998,
  "values_openness": 0.47,
  "competence": 0.316,
  "order": 0.2,
  "dutifulness": 0.16999999999999998,
  "achievement_striving": 0.4675,
  "self_discipline": 0.32,
  "deliberation": 0.295,
  "warmth": 0.23,
  "gregariousness": 0.65,
  "assertiveness": 0.67,
  "activity_level": 0.525,
  "excitement_seeking": 0.7,
  "positive_emotions": 0.35,
  "trust": 0.25,
  "straightforwardness": 0.665,
  "altruism": 0.3,
  "compliance": 0.385,
  "modesty": 0.35,
  "tender_mindedness": 0.28,
  "anxiety": 0.53,
  "angry_hostility": 0.9199999999999999,
  "depression": 0.69,
  "self_consciousness": 0.42000000000000004,
  "impulsiveness": 0.655,
  "vulnerability": 0.5800000000000001,
  "sincerity": 0.7000000000000001,
  "fairness": 0.2,
  "greed_avoidance": 0.4,
  "humility_hexaco": 0.20500000000000002,
  "narcissism": 0.75,
  "machiavellianism": 0.3899999999999999,
  "psychopathy": 0.6499999999999999,
  "sadism": 0.67,
  "emotional_regulation": 0.44999999999999996,
  "empathy_cognitive": 0.31,
  "empathy_affective": 0.32,
  "emotional_volatility": 0.8,
  "attachment_anxiety": 0.22,
  "attachment_avoidance": 0.7174999999999999,
  "social_dominance": 0.8,
  "conflict_assertiveness": 0.85,
  "conflict_cooperativeness": 0.0,
  "charm_influence": 0.04000000000000001,
  "information_control": 0.5225,
  "mirroring_ability": 0.0,
  "need_for_cognition": 0.23,
  "cognitive_flexibility": 0.225,
  "locus_of_control": 0.575,
  "intuitive_vs_analytical": 0.19999999999999998,
  "care_harm": 0.55,
  "fairness_justice": 0.56,
  "loyalty_group": 0.49999999999999994,
  "authority_respect": 0.42,
  "humor_affiliative": 0.3125,
  "humor_self_enhancing": 0.34,
  "humor_aggressive": 0.7150000000000001,
  "humor_self_defeating": 0.15,
  "verbosity": 0.114,
  "politeness": 0.268,
  "decisiveness": 0.547,
  "curiosity": 0.404,
  "hot_cold_oscillation": 0.21,
  "self_mythologizing": 0.408,
  "optimism": 0.72
}