{
  "attachment_anxiety": 0.303,
  "sincerity": 0.843,
  "greed_avoidance": 0.8049999999999999,
  "warmth": 0.584,
  "curiosity": 0.7859999999999999,
  "need_for_cognition": 0.7270000000000001,
  "tender_mindedness": 0.612,
  "charm_influence": 0.711,
  "activity_level": 0.675,
  "angry_hostility": 0.6080000000000001,
  "excitement_seeking": 0.6849999999999999,
  "sadism": 0.30900000000000005,
  "decisiveness": 0.8240000000000001,
  "humor_self_enhancing": 0.5309999999999999,
  "cognitive_flexibility": 0.7250000000000001,
  "anxiety": 0.41300000000000003,
  "fairness": 0.81,
  "emotional_volatility": 0.43,
  "self_consciousness": 0.34,
  "emotional_regulation": 0.635,
  "gregariousness": 0.625,
  "humor_aggressive": 0.7210000000000001,
  "attachment_avoidance": 0.417,
  "values_openness": 0.77,
  "conflict_cooperativeness": 0.384,
  "assertiveness": 0.795,
  "impulsiveness": 0.512,
  "narcissism": 0.438,
  "competence": 0.709,
  "hot_cold_oscillation": 0.591,
  "humility_hexaco": 0.404,
  "modesty": 0.39499999999999996,
  "conflict_assertiveness": 0.85,
  "trust": 0.46,
  "deliberation": 0.488,
  "dutifulness": 0.568,
  "verbosity": 0.706,
  "humor_affiliative": 0.5660000000000001,
  "authority_respect": 0.29100000000000004,
  "humor_self_defeating": 0.2,
  "altruism": 0.735,
  "achievement_striving": 0.589,
  "actions": 0.715,
  "self_mythologizing": 0.35,
  "aesthetics": 0.56,
  "empathy_affective": 0.61,
  "compliance": 0.244,
  "optimism": 0.695,
  "politeness": 0.271,
  "depression": 0.35600000000000004,
  "fairness_justice": 0.9400000000000001,
  "empathy_cognitive": 0.781,
  "self_discipline": 0.626,
  "information_control": 0.5840000000000001,
  "ideas": 0.728,
  "vulnerability": 0.34900000000000003,
  "social_dominance": 0.45000000000000007,
  "locus_of_control": 0.775,
  "order": 0.43000000000000005,
  "intuitive_vs_analytical": 0.43,
  "care_harm": 0.76,
  "straightforwardness": 0.8109999999999999,
  "positive_emotions": 0.6499999999999999,
  "feelings": 0.743,
  "machiavellianism": 0.238,
  "psychopathy": 0.255,
  "loyalty_group": 0.685,
  "fantasy": 0.532,
  "mirroring_ability": 0.351
}