{
  "fantasy": 0.58,
  "aesthetics": 0.65,
  "feelings": 0.65,
  "actions": 0.7,
  "ideas": 0.5299999999999999,
  "values_openness": 0.56,
  "curiosity": 0.7300000000000001,
  "competence": 0.45999999999999996,
  "order": 0.6,
  "dutifulness": 0.62,
  "achievement_striving": 0.5125000000000001,
  "self_discipline": 0.545,
  "deliberation": 0.545,
  "decisiveness": 0.8600000000000001,
  "warmth": 0.41,
  "gregariousness": 0.7,
  "assertiveness": 0.62,
  "activity_level": 0.5,
  "excitement_seeking": 0.65,
  "positive_emotions": 0.5,
  "verbosity": 0.0,
  "trust": 0.6,
  "straightforwardness": 0.665,
  "altruism": 0.75,
  "compliance": 0.385,
  "modesty": 0.6,
  "tender_mindedness": 0.48000000000000004,
  "politeness": 0.0,
  "anxiety": 0.33,
  "angry_hostility": 0.8200000000000001,
  "depression": 0.5900000000000001,
  "self_consciousness": 0.3,
  "impulsiveness": 0.43000000000000005,
  "vulnerability": 0.42000000000000004,
  "sincerity": 0.72,
  "fairness": 0.75,
  "greed_avoidance": 0.7,
  "humility_hexaco": 0.485,
  "narcissism": 0.6,
  "machiavellianism": 0.37000000000000005,
  "psychopathy": 0.375,
  "sadism": 0.47750000000000004,
  "emotional_regulation": 0.7,
  "empathy_cognitive": 0.66,
  "empathy_affective": 0.56,
  "emotional_volatility": 0.25,
  "optimism": 0.35,
  "attachment_anxiety": 0.195,
  "attachment_avoidance": 0.2925,
  "social_dominance": 0.75,
  "conflict_assertiveness": 0.85,
  "conflict_cooperativeness": 0.010000000000000009,
  "charm_influence": 0.49,
  "information_control": 0.7849999999999999,
  "mirroring_ability": 0.0,
  "hot_cold_oscillation": 0.94,
  "self_mythologizing": 0.8999999999999999,
  "need_for_cognition": 0.505,
  "cognitive_flexibility": 0.44999999999999996,
  "locus_of_control": 0.575,
  "intuitive_vs_analytical": 0.30000000000000004,
  "care_harm": 0.7,
  "fairness_justice": 0.9600000000000001,
  "loyalty_group": 0.45,
  "authority_respect": 0.39,
  "humor_affiliative": 0.515,
  "humor_self_enhancing": 0.64,
  "humor_aggressive": 0.74,
  "humor_self_defeating": 0.35
}