{
  "compliance": 0.709,
  "care_harm": 0.8400000000000001,
  "attachment_avoidance": 0.188,
  "actions": 0.56,
  "achievement_striving": 0.607,
  "sincerity": 0.824,
  "angry_hostility": 0.21300000000000002,
  "attachment_anxiety": 0.28300000000000003,
  "conflict_cooperativeness": 0.754,
  "greed_avoidance": 0.74,
  "positive_emotions": 0.7,
  "mirroring_ability": 0.32999999999999996,
  "locus_of_control": 0.62,
  "self_consciousness": 0.347,
  "order": 0.665,
  "fairness": 0.8200000000000001,
  "anxiety": 0.452,
  "verbosity": 0.345,
  "aesthetics": 0.5349999999999999,
  "tender_mindedness": 0.7020000000000001,
  "curiosity": 0.7530000000000001,
  "authority_respect": 0.747,
  "fantasy": 0.237,
  "emotional_regulation": 0.75,
  "intuitive_vs_analytical": 0.405,
  "self_discipline": 0.7190000000000001,
  "deliberation": 0.664,
  "impulsiveness": 0.267,
  "fairness_justice": 0.869,
  "optimism": 0.6699999999999999,
  "empathy_affective": 0.718,
  "hot_cold_oscillation": 0.28600000000000003,
  "warmth": 0.7120000000000001,
  "depression": 0.38600000000000007,
  "information_control": 0.34400000000000003,
  "straightforwardness": 0.763,
  "humor_aggressive": 0.246,
  "activity_level": 0.625,
  "values_openness": 0.212,
  "modesty": 0.75,
  "altruism": 0.8300000000000001,
  "emotional_volatility": 0.25999999999999995,
  "psychopathy": 0.16999999999999998,
  "loyalty_group": 0.713,
  "humor_self_enhancing": 0.42600000000000005,
  "humor_affiliative": 0.5569999999999999,
  "trust": 0.8150000000000001,
  "competence": 0.6748000000000001,
  "assertiveness": 0.438,
  "narcissism": 0.105,
  "social_dominance": 0.11,
  "cognitive_flexibility": 0.57,
  "empathy_cognitive": 0.604,
  "gregariousness": 0.735,
  "need_for_cognition": 0.5469999999999999,
  "sadism": 0.16800000000000004,
  "conflict_assertiveness": 0.285,
  "ideas": 0.497,
  "dutifulness": 0.8089999999999999,
  "decisiveness": 0.75,
  "machiavellianism": 0.15400000000000003,
  "excitement_seeking": 0.48000000000000004,
  "self_mythologizing": 0.255,
  "humility_hexaco": 0.7739999999999999,
  "vulnerability": 0.42700000000000005,
  "humor_self_defeating": 0.355,
  "feelings": 0.578,
  "politeness": 0.681,
  "charm_influence": 0.536
}