{
  "fantasy": 0.03,
  "aesthetics": 0.7,
  "feelings": 0.32,
  "actions": 0.65,
  "ideas": 0.5299999999999999,
  "values_openness": 0.155,
  "curiosity": 0.87,
  "competence": 0.41200000000000003,
  "order": 0.5,
  "dutifulness": 0.62,
  "achievement_striving": 0.4675,
  "self_discipline": 0.5225000000000001,
  "deliberation": 0.37,
  "decisiveness": 0.75,
  "warmth": 0.43,
  "gregariousness": 0.6,
  "assertiveness": 0.495,
  "activity_level": 0.475,
  "excitement_seeking": 0.6,
  "positive_emotions": 0.55,
  "verbosity": 0.0,
  "trust": 0.8,
  "straightforwardness": 0.565,
  "altruism": 0.8,
  "compliance": 0.685,
  "modesty": 0.6,
  "tender_mindedness": 0.48000000000000004,
  "politeness": 0.39,
  "anxiety": 0.53,
  "angry_hostility": 0.27,
  "depression": 0.5900000000000001,
  "self_consciousness": 0.38,
  "impulsiveness": 0.405,
  "vulnerability": 0.5800000000000001,
  "sincerity": 0.68,
  "fairness": 0.7,
  "greed_avoidance": 0.65,
  "humility_hexaco": 0.6599999999999999,
  "narcissism": 0.15,
  "machiavellianism": 0.31000000000000005,
  "psychopathy": 0.35,
  "sadism": 0.36750000000000005,
  "emotional_regulation": 0.6,
  "empathy_cognitive": 0.31,
  "empathy_affective": 0.52,
  "emotional_volatility": 0.35,
  "optimism": 0.55,
  "attachment_anxiety": 0.22,
  "attachment_avoidance": 0.20750000000000002,
  "social_dominance": 0.05,
  "conflict_assertiveness": 0.15,
  "conflict_cooperativeness": 0.6100000000000001,
  "charm_influence": 0.29000000000000004,
  "information_control": 0.4475,
  "mirroring_ability": 0.0,
  "hot_cold_oscillation": 0.49,
  "self_mythologizing": 0.45,
  "need_for_cognition": 0.43,
  "cognitive_flexibility": 0.375,
  "locus_of_control": 0.42500000000000004,
  "intuitive_vs_analytical": 0.45000000000000007,
  "care_harm": 0.75,
  "fairness_justice": 0.86,
  "loyalty_group": 0.35000000000000003,
  "authority_respect": 0.63,
  "humor_affiliative": 0.2675,
  "humor_self_enhancing": 0.09000000000000001,
  "humor_aggressive": 0.39,
  "humor_self_defeating": 0.25
}