{
  "fantasy": 0.03,
  "aesthetics": 0.7,
  "feelings": 0.32,
  "actions": 0.65,
  "ideas": 0.5,
  "values_openness": 0.20000000000000004,
  "competence": 0.22,
  "order": 0.65,
  "dutifulness": 0.62,
  "achievement_striving": 0.3775,
  "self_discipline": 0.5,
  "deliberation": 0.545,
  "warmth": 0.37,
  "gregariousness": 0.45,
  "assertiveness": 0.345,
  "activity_level": 0.42500000000000004,
  "excitement_seeking": 0.6,
  "positive_emotions": 0.35,
  "trust": 0.75,
  "straightforwardness": 0.59,
  "altruism": 0.75,
  "compliance": 0.71,
  "modesty": 0.625,
  "tender_mindedness": 0.45999999999999996,
  "anxiety": 0.53,
  "angry_hostility": 0.32,
  "depression": 0.54,
  "self_consciousness": 0.5,
  "impulsiveness": 0.35500000000000004,
  "vulnerability": 0.5800000000000001,
  "sincerity": 0.7000000000000001,
  "fairness": 0.7,
  "greed_avoidance": 0.75,
  "humility_hexaco": 0.6249999999999999,
  "narcissism": 0.15,
  "machiavellianism": 0.31000000000000005,
  "psychopathy": 0.375,
  "sadism": 0.395,
  "emotional_regulation": 0.6,
  "empathy_cognitive": 0.41000000000000003,
  "empathy_affective": 0.52,
  "emotional_volatility": 0.25,
  "attachment_anxiety": 0.22,
  "attachment_avoidance": 0.2925,
  "social_dominance": 0.1,
  "conflict_assertiveness": 0.45,
  "conflict_cooperativeness": 0.51,
  "charm_influence": 0.18999999999999997,
  "information_control": 0.485,
  "mirroring_ability": 0.0,
  "need_for_cognition": 0.43,
  "cognitive_flexibility": 0.325,
  "locus_of_control": 0.47500000000000003,
  "intuitive_vs_analytical": 0.30000000000000004,
  "care_harm": 0.75,
  "fairness_justice": 0.86,
  "loyalty_group": 0.39999999999999997,
  "authority_respect": 0.63,
  "humor_affiliative": 0.29000000000000004,
  "humor_self_enhancing": 0.14,
  "humor_aggressive": 0.41500000000000004,
  "humor_self_defeating": 0.3,
  "verbosity": 0.128,
  "politeness": 0.12,
  "decisiveness": 0.538,
  "curiosity": 0.552,
  "hot_cold_oscillation": 0.237,
  "self_mythologizing": 0.397,
  "optimism": 0.597
}