{
  "ideas": 0.338,
  "empathy_cognitive": 0.669,
  "mirroring_ability": 0.596,
  "values_openness": 0.776,
  "straightforwardness": 0.5609999999999999,
  "authority_respect": 0.21600000000000003,
  "emotional_volatility": 0.5149999999999999,
  "empathy_affective": 0.7250000000000001,
  "tender_mindedness": 0.724,
  "decisiveness": 0.75,
  "machiavellianism": 0.459,
  "self_mythologizing": 0.315,
  "care_harm": 0.895,
  "fairness_justice": 0.894,
  "modesty": 0.69,
  "self_consciousness": 0.49300000000000005,
  "positive_emotions": 0.61,
  "angry_hostility": 0.483,
  "deliberation": 0.328,
  "verbosity": 0.496,
  "dutifulness": 0.413,
  "emotional_regulation": 0.52,
  "attachment_avoidance": 0.626,
  "trust": 0.5900000000000001,
  "narcissism": 0.31000000000000005,
  "competence": 0.6868000000000001,
  "humility_hexaco": 0.7,
  "feelings": 0.716,
  "sadism": 0.19900000000000007,
  "depression": 0.586,
  "anxiety": 0.535,
  "optimism": 0.6,
  "hot_cold_oscillation": 0.526,
  "humor_self_enhancing": 0.6859999999999999,
  "compliance": 0.324,
  "greed_avoidance": 0.8450000000000001,
  "activity_level": 0.73,
  "self_discipline": 0.365,
  "intuitive_vs_analytical": 0.55,
  "order": 0.16999999999999998,
  "fantasy": 0.732,
  "politeness": 0.196,
  "fairness": 0.795,
  "need_for_cognition": 0.252,
  "locus_of_control": 0.725,
  "psychopathy": 0.30000000000000004,
  "cognitive_flexibility": 0.625,
  "actions": 0.875,
  "excitement_seeking": 0.8199999999999998,
  "impulsiveness": 0.737,
  "charm_influence": 0.6709999999999999,
  "conflict_cooperativeness": 0.6539999999999999,
  "sincerity": 0.657,
  "assertiveness": 0.648,
  "warmth": 0.636,
  "loyalty_group": 0.5800000000000001,
  "aesthetics": 0.43,
  "curiosity": 0.726,
  "vulnerability": 0.541,
  "social_dominance": 0.39999999999999997,
  "achievement_striving": 0.271,
  "attachment_anxiety": 0.508,
  "information_control": 0.869,
  "humor_self_defeating": 0.49999999999999994,
  "altruism": 0.871,
  "humor_aggressive": 0.441,
  "gregariousness": 0.38,
  "conflict_assertiveness": 0.675,
  "humor_affiliative": 0.617
}