{
  "deliberation": 0.744,
  "authority_respect": 0.42000000000000004,
  "curiosity": 0.787,
  "self_consciousness": 0.55,
  "activity_level": 0.585,
  "mirroring_ability": 0.14400000000000002,
  "assertiveness": 0.766,
  "order": 0.726,
  "conflict_assertiveness": 0.8270000000000001,
  "humor_affiliative": 0.317,
  "humor_self_enhancing": 0.447,
  "cognitive_flexibility": 0.628,
  "intuitive_vs_analytical": 0.436,
  "sadism": 0.16800000000000004,
  "care_harm": 0.8490000000000001,
  "modesty": 0.696,
  "decisiveness": 0.8200000000000001,
  "altruism": 0.773,
  "loyalty_group": 0.599,
  "warmth": 0.42000000000000004,
  "dutifulness": 0.8460000000000001,
  "empathy_cognitive": 0.762,
  "competence": 0.6964,
  "angry_hostility": 0.731,
  "compliance": 0.263,
  "feelings": 0.836,
  "hot_cold_oscillation": 0.586,
  "gregariousness": 0.20500000000000002,
  "fairness": 0.8430000000000001,
  "humility_hexaco": 0.6829999999999999,
  "greed_avoidance": 0.807,
  "information_control": 0.752,
  "self_discipline": 0.7730000000000001,
  "positive_emotions": 0.45,
  "verbosity": 0.49,
  "need_for_cognition": 0.7040000000000001,
  "humor_aggressive": 0.42100000000000004,
  "aesthetics": 0.779,
  "optimism": 0.654,
  "locus_of_control": 0.7490000000000001,
  "politeness": 0.5010000000000001,
  "sincerity": 0.8598,
  "fairness_justice": 0.97,
  "self_mythologizing": 0.38100000000000006,
  "excitement_seeking": 0.315,
  "charm_influence": 0.265,
  "emotional_regulation": 0.737,
  "conflict_cooperativeness": 0.542,
  "tender_mindedness": 0.6950000000000001,
  "impulsiveness": 0.4030000000000001,
  "social_dominance": 0.4810000000000001,
  "humor_self_defeating": 0.269,
  "actions": 0.58,
  "values_openness": 0.752,
  "depression": 0.78,
  "fantasy": 0.8230000000000001,
  "vulnerability": 0.5612,
  "attachment_anxiety": 0.634,
  "machiavellianism": 0.162,
  "psychopathy": 0.16000000000000003,
  "ideas": 0.713,
  "anxiety": 0.6448,
  "achievement_striving": 0.694,
  "straightforwardness": 0.8140000000000001,
  "emotional_volatility": 0.5569999999999999,
  "narcissism": 0.16499999999999998,
  "attachment_avoidance": 0.532,
  "empathy_affective": 0.7410000000000001,
  "trust": 0.486
}