{
  "fantasy": 0.73,
  "aesthetics": 0.8,
  "feelings": 0.68,
  "actions": 0.7,
  "ideas": 0.5299999999999999,
  "values_openness": 0.56,
  "curiosity": 0.7300000000000001,
  "competence": 0.43599999999999994,
  "order": 0.75,
  "dutifulness": 0.7200000000000001,
  "achievement_striving": 0.5125000000000001,
  "self_discipline": 0.5900000000000001,
  "deliberation": 0.57,
  "decisiveness": 0.805,
  "warmth": 0.45,
  "gregariousness": 0.25,
  "assertiveness": 0.67,
  "activity_level": 0.44999999999999996,
  "excitement_seeking": 0.3,
  "positive_emotions": 0.525,
  "verbosity": 0.49,
  "trust": 0.6,
  "straightforwardness": 0.64,
  "altruism": 0.8,
  "compliance": 0.41000000000000003,
  "modesty": 0.6,
  "tender_mindedness": 0.5,
  "politeness": 0.39,
  "anxiety": 0.562,
  "angry_hostility": 0.77,
  "depression": 0.99,
  "self_consciousness": 0.33999999999999997,
  "impulsiveness": 0.5800000000000001,
  "vulnerability": 0.668,
  "sincerity": 0.732,
  "fairness": 0.75,
  "greed_avoidance": 0.72,
  "humility_hexaco": 0.59,
  "narcissism": 0.21,
  "machiavellianism": 0.27,
  "psychopathy": 0.325,
  "sadism": 0.36750000000000005,
  "emotional_regulation": 0.725,
  "empathy_cognitive": 0.66,
  "empathy_affective": 0.6000000000000001,
  "emotional_volatility": 0.35,
  "optimism": 0.75,
  "attachment_anxiety": 0.445,
  "attachment_avoidance": 0.3775,
  "social_dominance": 0.79,
  "conflict_assertiveness": 0.8,
  "conflict_cooperativeness": 0.41,
  "charm_influence": 0.18999999999999997,
  "information_control": 0.8225,
  "mirroring_ability": 0.0,
  "hot_cold_oscillation": 0.34,
  "self_mythologizing": 0.45,
  "need_for_cognition": 0.455,
  "cognitive_flexibility": 0.4,
  "locus_of_control": 0.56,
  "intuitive_vs_analytical": 0.24999999999999997,
  "care_harm": 0.75,
  "fairness_justice": 1.0,
  "loyalty_group": 0.35000000000000003,
  "authority_respect": 0.42,
  "humor_affiliative": 0.335,
  "humor_self_enhancing": 0.24,
  "humor_aggressive": 0.41500000000000004,
  "humor_self_defeating": 0.2
}