{
  "fantasy": 0.68,
  "aesthetics": 0.7,
  "feelings": 0.68,
  "actions": 0.75,
  "ideas": 0.5,
  "values_openness": 0.56,
  "curiosity": 0.7300000000000001,
  "competence": 0.45999999999999996,
  "order": 0.65,
  "dutifulness": 0.62,
  "achievement_striving": 0.535,
  "self_discipline": 0.5675,
  "deliberation": 0.545,
  "decisiveness": 0.805,
  "warmth": 0.39,
  "gregariousness": 0.2,
  "assertiveness": 0.645,
  "activity_level": 0.375,
  "excitement_seeking": 0.3,
  "positive_emotions": 0.42500000000000004,
  "verbosity": 0.0,
  "trust": 0.3,
  "straightforwardness": 0.665,
  "altruism": 0.75,
  "compliance": 0.435,
  "modesty": 0.625,
  "tender_mindedness": 0.45999999999999996,
  "politeness": 0.08999999999999997,
  "anxiety": 0.43,
  "angry_hostility": 0.72,
  "depression": 0.8900000000000001,
  "self_consciousness": 0.33999999999999997,
  "impulsiveness": 0.38,
  "vulnerability": 0.4,
  "sincerity": 0.72,
  "fairness": 0.8,
  "greed_avoidance": 0.85,
  "humility_hexaco": 0.6249999999999999,
  "narcissism": 0.26,
  "machiavellianism": 0.29000000000000004,
  "psychopathy": 0.35,
  "sadism": 0.36750000000000005,
  "emotional_regulation": 0.7,
  "empathy_cognitive": 0.61,
  "empathy_affective": 0.5800000000000001,
  "emotional_volatility": 0.35,
  "optimism": 0.3,
  "attachment_anxiety": 0.22,
  "attachment_avoidance": 0.1225,
  "social_dominance": 0.29,
  "conflict_assertiveness": 0.8,
  "conflict_cooperativeness": 0.51,
  "charm_influence": 0.18999999999999997,
  "information_control": 0.3725,
  "mirroring_ability": 0.0,
  "hot_cold_oscillation": 0.54,
  "self_mythologizing": 0.45,
  "need_for_cognition": 0.305,
  "cognitive_flexibility": 0.325,
  "locus_of_control": 0.6000000000000001,
  "intuitive_vs_analytical": 0.24999999999999997,
  "care_harm": 0.75,
  "fairness_justice": 1.0,
  "loyalty_group": 0.09999999999999998,
  "authority_respect": 0.39,
  "humor_affiliative": 0.35750000000000004,
  "humor_self_enhancing": 0.19,
  "humor_aggressive": 0.615,
  "humor_self_defeating": 0.25
}