{
  "humor_self_defeating": 0.5479999999999999,
  "humility_hexaco": 0.5960000000000001,
  "decisiveness": 0.156,
  "competence": 0.38439999999999996,
  "compliance": 0.321,
  "greed_avoidance": 0.8210000000000001,
  "fairness": 0.7389999999999999,
  "fairness_justice": 0.916,
  "humor_self_enhancing": 0.235,
  "emotional_volatility": 0.909,
  "politeness": 0.29200000000000004,
  "attachment_avoidance": 0.7379999999999999,
  "feelings": 0.8360000000000001,
  "intuitive_vs_analytical": 0.725,
  "trust": 0.182,
  "verbosity": 0.788,
  "anxiety": 0.764,
  "emotional_regulation": 0.24200000000000002,
  "tender_mindedness": 0.645,
  "fantasy": 0.8819999999999999,
  "depression": 0.946,
  "actions": 0.25,
  "narcissism": 0.504,
  "social_dominance": 0.5060000000000001,
  "curiosity": 0.8510000000000001,
  "achievement_striving": 0.388,
  "empathy_affective": 0.618,
  "assertiveness": 0.523,
  "information_control": 0.8270000000000001,
  "aesthetics": 0.841,
  "authority_respect": 0.372,
  "vulnerability": 0.779,
  "humor_aggressive": 0.7939999999999999,
  "conflict_cooperativeness": 0.243,
  "machiavellianism": 0.633,
  "loyalty_group": 0.5920000000000001,
  "self_consciousness": 0.6699999999999999,
  "ideas": 0.827,
  "optimism": 0.11800000000000001,
  "conflict_assertiveness": 0.694,
  "values_openness": 0.755,
  "self_mythologizing": 0.871,
  "warmth": 0.284,
  "sincerity": 0.676,
  "straightforwardness": 0.284,
  "need_for_cognition": 0.81,
  "impulsiveness": 0.7130000000000001,
  "humor_affiliative": 0.287,
  "care_harm": 0.7569999999999999,
  "modesty": 0.5640000000000001,
  "sadism": 0.396,
  "dutifulness": 0.604,
  "locus_of_control": 0.3540000000000001,
  "positive_emotions": 0.16899999999999998,
  "gregariousness": 0.174,
  "psychopathy": 0.428,
  "excitement_seeking": 0.549,
  "empathy_cognitive": 0.777,
  "altruism": 0.603,
  "activity_level": 0.31899999999999995,
  "deliberation": 0.7070000000000001,
  "order": 0.20500000000000002,
  "self_discipline": 0.287,
  "mirroring_ability": 0.44399999999999995,
  "charm_influence": 0.352,
  "angry_hostility": 0.847,
  "hot_cold_oscillation": 0.913,
  "attachment_anxiety": 0.597,
  "cognitive_flexibility": 0.7
}