{
  "aesthetics": 0.31,
  "sincerity": 0.708,
  "deliberation": 0.728,
  "authority_respect": 0.594,
  "competence": 0.6244,
  "gregariousness": 0.105,
  "social_dominance": 0.761,
  "humility_hexaco": 0.29200000000000004,
  "excitement_seeking": 0.19499999999999998,
  "activity_level": 0.615,
  "positive_emotions": 0.275,
  "self_mythologizing": 0.375,
  "locus_of_control": 0.69,
  "information_control": 0.659,
  "mirroring_ability": 0.135,
  "machiavellianism": 0.598,
  "vulnerability": 0.619,
  "conflict_assertiveness": 0.89,
  "values_openness": 0.377,
  "straightforwardness": 0.696,
  "impulsiveness": 0.312,
  "empathy_affective": 0.23099999999999998,
  "loyalty_group": 0.15,
  "actions": 0.39,
  "optimism": 0.33,
  "achievement_striving": 0.7090000000000001,
  "conflict_cooperativeness": 0.105,
  "modesty": 0.42500000000000004,
  "fairness": 0.21500000000000002,
  "anxiety": 0.5740000000000001,
  "angry_hostility": 0.863,
  "emotional_volatility": 0.79,
  "dutifulness": 0.7030000000000001,
  "humor_affiliative": 0.203,
  "warmth": 0.203,
  "care_harm": 0.265,
  "charm_influence": 0.105,
  "humor_aggressive": 0.701,
  "assertiveness": 0.7279999999999999,
  "self_consciousness": 0.457,
  "depression": 0.835,
  "feelings": 0.404,
  "politeness": 0.135,
  "sadism": 0.515,
  "narcissism": 0.5680000000000001,
  "decisiveness": 0.8240000000000001,
  "humor_self_defeating": 0.18,
  "order": 0.75,
  "psychopathy": 0.69,
  "trust": 0.19,
  "greed_avoidance": 0.074,
  "empathy_cognitive": 0.399,
  "emotional_regulation": 0.38,
  "attachment_avoidance": 0.8779999999999999,
  "compliance": 0.254,
  "fairness_justice": 0.369,
  "intuitive_vs_analytical": 0.605,
  "ideas": 0.38,
  "attachment_anxiety": 0.538,
  "need_for_cognition": 0.602,
  "hot_cold_oscillation": 0.316,
  "humor_self_enhancing": 0.20600000000000002,
  "altruism": 0.30300000000000005,
  "tender_mindedness": 0.22999999999999998,
  "verbosity": 0.391,
  "curiosity": 0.42700000000000005,
  "cognitive_flexibility": 0.355,
  "self_discipline": 0.767,
  "fantasy": 0.367
}