{
  "modesty": 0.2,
  "self_consciousness": 0.187,
  "humor_self_enhancing": 0.406,
  "deliberation": 0.773,
  "narcissism": 0.8310000000000001,
  "humor_aggressive": 0.736,
  "warmth": 0.206,
  "care_harm": 0.685,
  "angry_hostility": 0.563,
  "empathy_affective": 0.23399999999999999,
  "fairness_justice": 0.864,
  "loyalty_group": 0.27,
  "greed_avoidance": 0.71,
  "fantasy": 0.722,
  "psychopathy": 0.565,
  "ideas": 0.8179999999999998,
  "sadism": 0.318,
  "conflict_cooperativeness": 0.144,
  "machiavellianism": 0.546,
  "activity_level": 0.73,
  "politeness": 0.30600000000000005,
  "curiosity": 0.879,
  "authority_respect": 0.318,
  "gregariousness": 0.23500000000000004,
  "empathy_cognitive": 0.8739999999999999,
  "cognitive_flexibility": 0.71,
  "straightforwardness": 0.726,
  "humility_hexaco": 0.164,
  "excitement_seeking": 0.78,
  "hot_cold_oscillation": 0.661,
  "dutifulness": 0.6579999999999999,
  "mirroring_ability": 0.521,
  "assertiveness": 0.839,
  "actions": 0.79,
  "vulnerability": 0.317,
  "attachment_anxiety": 0.21799999999999997,
  "positive_emotions": 0.28500000000000003,
  "depression": 0.5960000000000001,
  "achievement_striving": 0.757,
  "decisiveness": 0.8320000000000001,
  "locus_of_control": 0.79,
  "compliance": 0.19300000000000003,
  "need_for_cognition": 0.8019999999999998,
  "humor_self_defeating": 0.14,
  "emotional_regulation": 0.81,
  "altruism": 0.45,
  "trust": 0.22000000000000003,
  "sincerity": 0.715,
  "information_control": 0.884,
  "attachment_avoidance": 0.7799999999999999,
  "charm_influence": 0.581,
  "humor_affiliative": 0.281,
  "optimism": 0.61,
  "values_openness": 0.683,
  "anxiety": 0.259,
  "competence": 0.7731999999999999,
  "self_mythologizing": 0.88,
  "intuitive_vs_analytical": 0.5700000000000001,
  "conflict_assertiveness": 0.8600000000000001,
  "aesthetics": 0.545,
  "impulsiveness": 0.30200000000000005,
  "fairness": 0.6849999999999998,
  "social_dominance": 0.8350000000000001,
  "feelings": 0.21799999999999997,
  "emotional_volatility": 0.27,
  "verbosity": 0.681,
  "tender_mindedness": 0.241,
  "self_discipline": 0.758,
  "order": 0.6200000000000001
}